,Sector,Companies,Average Revenue (%)
0,Fintech,25,33.010698942166925
1,Edtech,10,45.334252509691154
2,Healthtech,11,28.85653435371825
3,Logistics,10,27.480124301656247
4,E Commerce,11,24.75227840962832
